customer_id,full_name,email,phone,city,signup_date
251212.0,Shanaya Madan,ahana-vora@gmail.com,73328676540,Chennai,2023-04-21
848133.0,Mannat Talwar,akarsh20@wason.com,85783967200,Pune,2024-06-11
511492.0,Aaryahi Shenoy,rde@gola.info,79948383200,Chennai,2024-06-02
128097.0,Jayesh Jha,urvi41@yahoo.com,98346994530,Kolkata,2025-03-24
905038.0,Armaan Sarna,nishith98@chauhan.com,75130760430,Pune,2024-07-07
541502.0,Ritvik Chatterjee,vsaha@kulkarni-comar.net,79820335790,Kolkata,2024-11-16
866511.0,Ayesha Shetty,,88550919690,Chennai,2023-10-31
512203.0,Tushar Rau,lmangat@yahoo.com,82159286850,Delhi,2024-02-08
553987.0,Samiha Gill,,75180913230,Ahmedabad,2025-04-05
209910.0,Priyansh Agrawal,routkartik@gmail.com,78029051010,Kolkata,2023-11-24
847839.0,Gokul Varghese,zaina83@tiwari.net,99253251170,Pune,2023-05-16
583064.0,Tarini Vyas,sakshambarman@chakraborty.com,92056139920,Ahmedabad,2024-10-13
733533.0,Eshani Ramaswamy,gkapadia@hotmail.com,99018047960,Pune,2024-11-09
584429.0,Badal Grewal,ohayer@hotmail.com,79992519110,Kolkata,2024-02-22
269218.0,Shlok Gola,aliabatra@garde.com,73946872080,Ahmedabad,2023-06-13
277847.0,Dhruv Raman,koshyyashvi@balakrishnan.com,88526393400,Mumbai,2023-09-20
457035.0,Jhanvi Sehgal,darshitbose@sridhar.biz,87459164140,Delhi,2025-03-24
597401.0,Kiaan Bansal,,77669591370,Delhi,2025-03-20
531065.0,Navya Agrawal,,71213866820,Hyderabad,2025-02-25
266733.0,Adah Kamdar,gokul03@gmail.com,86435631270,Mumbai,2025-04-11
718874.0,Azad Andra,myrasagar@gmail.com,73503162940,Ahmedabad,2025-03-28
397491.0,Ira Sawhney,nirvaantiwari@hotmail.com,92343308530,Pune,2025-04-05
898837.0,Ivana Grover,aarav05@hotmail.com,80063148460,Hyderabad,2024-06-19
628023.0,Indranil Andra,kismatgoda@thaman-subramaniam.org,90387561590,Mumbai,2023-09-17
217981.0,Farhan Ravel,akarsh27@wadhwa.biz,71769329500,Chennai,2025-04-09
486172.0,Hansh Borde,,85782549400,Kolkata,2024-04-25
462199.0,Tara Dani,cbajaj@hotmail.com,95593810660,Delhi,2025-04-11
249624.0,Biju Choudhary,bhatnagarsuhana@gmail.com,74444747330,Chennai,2025-03-28
759139.0,Priyansh Sha,lavanya40@gmail.com,96663905880,Bangalore,2025-03-08
474993.0,Charvi Ahluwalia,,78661062170,Pune,2024-02-01
903347.0,Trisha Ghosh,aaryahi77@yahoo.com,94034559720,Delhi,2025-02-13
595639.0,Armaan Sarkar,shraymaharaj@dewan.com,75349262560,Ahmedabad,2024-10-04
760885.0,Prisha Borra,eraman@vala.com,93526744620,Kolkata,2025-04-02
643914.0,Kiara Golla,,86202007470,Delhi,2024-05-04
890029.0,Taran Loyal,,80031400740,Ahmedabad,2025-03-20
156523.0,Miraan Lata,lhans@yahoo.com,87621472860,Mumbai,2024-05-03
305198.0,Hazel Solanki,shalv93@hans.org,93728140660,Pune,2023-09-23
370147.0,Parinaaz Sheth,qbal@gmail.com,79620018330,Pune,2025-04-12
285490.0,Lakshay Loke,lcheema@sharaf.com,90405202430,Bangalore,2025-04-14
858599.0,Rasha Saxena,,85460900130,Ahmedabad,2023-09-07
712034.0,Divyansh Bhasin,jivikavenkatesh@gmail.com,92436058290,Delhi,2025-03-19
440442.0,Tushar Chokshi,dhanush65@dhillon.org,72533898920,Bangalore,2024-12-19
410423.0,Vihaan Hayre,,96705504560,Bangalore,2023-09-21
498577.0,Miraan Talwar,yhayer@khurana.com,86763207730,Hyderabad,2023-04-20
765240.0,Zaina Cheema,joshizoya@yahoo.com,77194546560,Pune,2025-03-31
143476.0,Pari Dutta,,99295307750,Hyderabad,2023-12-04
405251.0,Samarth Kumar,dasguptatejas@hotmail.com,92299917470,Pune,2025-03-31
678221.0,Umang Varughese,balihazel@rajan.com,98484358580,Hyderabad,2024-06-24
552159.0,Prisha Venkataraman,srivastavahiran@thaker.com,80435418130,Ahmedabad,2024-05-02
136596.0,Onkar Ahuja,,93872249250,Hyderabad,2025-03-28
815362.0,Aaryahi Wali,nehmatsalvi@hotmail.com,75762534270,Hyderabad,2023-07-05
530489.0,Alia Deo,kartikgoswami@sule-divan.info,98382485100,Delhi,2024-03-14
382139.0,Khushi Anne,rajagopaleva@gmail.com,97733802390,Chennai,2023-06-18
493386.0,Nitya Bawa,,192644760,Hyderabad,2025-04-08
863233.0,Indrans Gade,,88818241030,Pune,2024-03-11
318287.0,Jiya Mann,,90125007630,Delhi,2025-03-22
463727.0,Zain Rattan,arnavgara@som-chaudhry.com,76690278870,Pune,2024-03-30
240679.0,Ahana Kumar,chirag63@sabharwal.com,85800167240,Mumbai,2025-03-18
238575.0,Damini Bhavsar,samarth69@jaggi-sekhon.com,73761028520,Pune,2024-11-22
215656.0,Mamooty Yadav,contractorkeya@hotmail.com,93229068210,Hyderabad,2024-08-18
742912.0,Jivin Walla,advikwason@ramakrishnan.com,92799390040,Ahmedabad,2023-06-13
474303.0,Akarsh Doctor,samashaan@lalla.com,73362253260,Ahmedabad,2025-01-01
273809.0,Inaaya Mahal,aarush69@srinivasan.org,88010663170,Kolkata,2023-09-10
132742.0,Siya Shankar,omaharaj@grover.com,80270156720,Mumbai,2024-02-04
551493.0,Samarth Singhal,,76587599030,Ahmedabad,2025-03-23
704709.0,Advika Chauhan,yuvraj-singh@doctor-sachdev.com,81959643940,Hyderabad,2024-05-28
517749.0,Devansh Sen,,79805689910,Chennai,2023-10-02
586035.0,Baiju Dhaliwal,somkimaya@virk-rajan.com,76647973240,Kolkata,2024-11-08
179868.0,Yuvaan Dutt,raunak32@dixit.com,72718642110,Ahmedabad,2024-09-29
773075.0,Navya Dada,esuresh@dada.com,71043327460,Delhi,2023-07-28
845296.0,Aarna Devan,uthkarsh19@gmail.com,76087724100,Mumbai,2025-03-19
841380.0,Rati Devi,bchar@sama.com,80646371250,Mumbai,2023-11-25
813895.0,Devansh Sethi,,86505424800,Delhi,2023-05-04
181605.0,Rati Balay,,96464601590,Hyderabad,2023-12-16
915577.0,Aradhya Upadhyay,mahikadin@yahoo.com,84548992420,Mumbai,2025-03-17
546093.0,Neelofar Dewan,xchanda@yahoo.com,70942886860,Chennai,2024-07-26
671382.0,Zoya Subramaniam,,74265876930,Pune,2023-08-18
861486.0,Heer Shah,frandhawa@hotmail.com,80802844530,Delhi,2024-06-28
680823.0,Nakul Ravi,asaini@atwal.com,90842291750,Mumbai,2024-06-15
245018.0,Kabir Vaidya,nhanda@bal.org,84917314790,Delhi,2023-05-11
277453.0,Azad Kalita,chargatik@karnik.info,77610296530,Hyderabad,2024-11-02
260398.0,Rasha Seshadri,tejasbhandari@yahoo.com,84964351240,Bangalore,2025-03-22
317541.0,Mamooty Raja,,93505390510,Hyderabad,2025-03-29
272460.0,Shayak Das,,75517502210,Chennai,2023-07-01
339336.0,Samiha Swaminathan,vidurchatterjee@sood.com,73576934650,Kolkata,2025-01-28
131166.0,Samiha Batra,,71507921110,Delhi,2023-12-24
650820.0,Dhanuk Rana,,74924557560,Bangalore,2023-04-26
242140.0,Reyansh Mall,miraandhar@barman.info,92020748370,Kolkata,2024-02-06
958765.0,Urvi Kata,singhalkiaan@chopra-singh.com,87807702550,Pune,2025-04-04
616992.0,Chirag Tandon,adiravenkataraman@mangat.com,83921303570,Bangalore,2025-03-21
474314.0,Kimaya Trivedi,dharmajanbawa@yahoo.com,98932240920,Chennai,2025-03-16
753630.0,Rati Bumb,oborra@bhalla.com,97420504420,Chennai,2025-04-11
871624.0,Lakshay Goda,,83611794230,Chennai,2025-03-26
402031.0,Urvi Tiwari,kabirhegde@yahoo.com,99734782220,Bangalore,2025-04-03
851249.0,Manjari Batta,navyadhingra@kant.com,86690847400,Pune,2025-04-14
931756.0,Nitara Singh,ljain@babu-badal.info,80886365750,Kolkata,2024-10-10
451453.0,Aarush Uppal,vritikabhargava@gmail.com,89276317120,Delhi,2024-05-19
817427.0,Gokul Dixit,urvi68@mangat-ramesh.org,92364799260,Mumbai,2025-03-26
224232.0,Divyansh Tripathi,jyohannan@datta.com,86479819980,Mumbai,2025-03-22
941546.0,Nehmat Goswami,,74227169880,Bangalore,2024-02-11
996124.0,Pranay Mani,rheakashyap@garg.com,70652580750,Kolkata,2024-03-17
978802.0,Shaan Sule,deysahil@walia.com,92648890410,Hyderabad,2024-09-10
528729.0,Vaibhav Bhagat,,87360974630,Pune,2023-05-11
910990.0,Kiara Karan,hanshbhardwaj@hotmail.com,77053722240,Kolkata,2025-03-18
374484.0,Sahil Ram,shankergokul@swaminathan-batta.com,79505127240,Chennai,2023-04-25
266010.0,Divij Karnik,dattatejas@gmail.com,93694389050,Chennai,2024-07-01
459109.0,Lavanya Balay,bhaminisidhu@gmail.com,79991529870,Pune,2025-02-03
758480.0,Damini Toor,divitdada@dave-bahl.net,80451730900,Bangalore,2023-06-05
625925.0,Samaira Barad,fkamdar@gmail.com,80649510890,Chennai,2024-12-31
447906.0,Ishita Dalal,anikathaker@gmail.com,89794562720,Hyderabad,2025-04-01
659028.0,Vanya Dutta,varugheseishaan@yahoo.com,86364521950,Pune,2025-04-07
828925.0,Nehmat Bhatnagar,kumerraunak@hotmail.com,74425356930,Bangalore,2024-06-30
251603.0,Jiya Sem,ojassampath@seth.info,73510778210,Mumbai,2023-05-14
494410.0,Vaibhav Sawhney,rtailor@zachariah.com,87002369450,Ahmedabad,2025-01-04
875735.0,Parinaaz Mann,purabbora@borde.com,84830232880,Pune,2025-03-17
879908.0,Nayantara Ram,sara46@vohra.com,76773808810,Hyderabad,2023-08-03
682461.0,Reyansh Shan,lakshitsavant@halder.com,72304689010,Delhi,2024-10-14
420069.0,Tushar Johal,rsha@hotmail.com,89353585920,Bangalore,2024-02-27
345929.0,Lakshay Kari,,70579467230,Bangalore,2025-01-25
496955.0,Navya Dhawan,,85763638190,Chennai,2024-08-14
463359.0,Miraya Manne,,75738834070,Mumbai,2024-05-03
509222.0,Nitara Hegde,rajbiju@hotmail.com,96137647330,Pune,2024-03-29
594165.0,Piya Ramachandran,,88913850250,Bangalore,2023-09-29
636395.0,Yashvi Hora,,84254033830,Kolkata,2024-09-15
421030.0,Kimaya Bansal,ganeshtejas@hotmail.com,87002136450,Pune,2024-03-03
530022.0,Neysa Vaidya,,98973079320,Hyderabad,2025-04-09
526034.0,Kartik Bandi,sampathaayush@hotmail.com,81388419020,Bangalore,2023-09-30
952431.0,Kimaya Chakraborty,trisha25@dua-dar.com,84676554450,Chennai,2024-03-28
202459.0,Sana Taneja,baradriya@sunder.org,97940134430,Mumbai,2023-09-29
816635.0,Nishith Mahal,kimaya69@yahoo.com,81037716370,Ahmedabad,2025-01-31
261495.0,Pihu Tailor,farhan12@chandra.com,78643895750,Delhi,2023-10-01
254818.0,Kartik Sane,dhanushdalal@kaur.net,79302160390,Bangalore,2023-09-01
105156.0,Bhavin Kara,,96173435810,Chennai,2025-04-04
711835.0,Aniruddh Dewan,samihasandhu@dani.biz,70886952540,Bangalore,2024-05-02
724396.0,Sana Korpal,,80142010660,Pune,2024-10-26
764851.0,Damini Chana,,85235025270,Delhi,2023-09-19
838679.0,Riaan Anne,reyanshgaba@hotmail.com,71062308850,Bangalore,2025-03-29
642239.0,Armaan Anne,,85152155120,Hyderabad,2025-01-08
212002.0,Neelofar Vala,kanavhayre@gmail.com,78452841360,Kolkata,2025-03-16
830696.0,Dishani Bala,pranaywable@sinha-kumar.com,316205540,Bangalore,2024-05-22
917136.0,Aaryahi Reddy,vanyabhatt@hotmail.com,95202943430,Hyderabad,2024-10-29
778801.0,Shanaya Borde,azad59@srinivas-kakar.com,88731827360,Mumbai,2023-09-02
831980.0,Yashvi Acharya,chiragchawla@yahoo.com,580639900,Delhi,2024-03-15
314874.0,Drishya Rana,,97184516720,Hyderabad,2023-10-12
724726.0,Urvi Kala,,75934560970,Kolkata,2023-10-12
775597.0,Nitya Das,,90875537610,Ahmedabad,2024-12-30
732429.0,Divyansh Bhardwaj,,81578142640,Delhi,2023-11-10
638393.0,Armaan Barad,aurorashanaya@yahoo.com,74624582210,Chennai,2024-07-02
216585.0,Divyansh Kashyap,agrawalmanikya@rau-trivedi.com,96113757680,Ahmedabad,2023-04-28
379633.0,Faiyaz Sani,qmann@hotmail.com,96090957350,Pune,2024-07-27
821989.0,Kavya Dhaliwal,aliajayaraman@yahoo.com,95105200620,Delhi,2024-09-28
867473.0,Jivin Sibal,pbuch@dar.org,82636075150,Delhi,2024-02-17
744145.0,Prisha Jani,duttyuvaan@hotmail.com,81262597000,Chennai,2023-07-05
276828.0,Myra Sarna,,864752990,Delhi,2025-04-09
494112.0,Krish Batta,aarav76@samra-hayre.net,75948328610,Delhi,2024-11-08
189524.0,Neysa Sodhi,faiyazbanerjee@gera-kaur.com,71161694240,Kolkata,2024-05-14
931885.0,Advika Mangat,chandermanikya@yahoo.com,73654062400,Pune,2024-02-26
137770.0,Jayesh Bhandari,ritvikloyal@yahoo.com,72091947990,Hyderabad,2023-05-12
110995.0,Mehul Balan,rajagopalankiara@hotmail.com,72025850380,Pune,2025-03-27
221004.0,Chirag Singh,,87467435180,Pune,2024-12-08
479759.0,Badal Anand,hchakrabarti@dar.biz,89142149690,Bangalore,2023-09-28
957068.0,Keya Devan,ladkavya@shere-sarma.com,97669958350,Hyderabad,2024-12-21
857557.0,Zeeshan Wable,gbobal@gmail.com,73834651880,Ahmedabad,2025-03-26
604055.0,Umang Arora,,79089610880,Pune,2023-07-14
433818.0,Yasmin Dora,aborra@dhawan.com,92482835820,Delhi,2023-12-30
213392.0,Raunak Kara,,76635983260,Bangalore,2024-01-01
808810.0,Alia Kapadia,qlall@yahoo.com,74918468630,Kolkata,2025-03-16
574615.0,Sahil Thaman,,76243196560,Kolkata,2024-01-26
487023.0,Zeeshan Arora,madhav88@bhatti.com,73699536940,Kolkata,2025-03-29
712633.0,Yuvraj Rout,cheriangokul@iyer.com,84251232350,Ahmedabad,2024-08-08
830522.0,Yuvraj Sinha,jayankhare@bobal.com,73473373160,Kolkata,2024-05-24
366216.0,Miraan Handa,dkapadia@yahoo.com,93287705150,Ahmedabad,2023-09-27
798920.0,Aaina Sengupta,ichoudhary@vyas.com,79419919050,Bangalore,2024-10-18
610165.0,Ojas Sodhi,,76364701850,Delhi,2025-04-02
951535.0,Trisha Bedi,dassjivin@mangat.com,86494699450,Delhi,2023-05-05
913410.0,Nirvi Chada,,94279049160,Chennai,2024-01-19
339825.0,Tara Ravi,renee43@manne-shan.com,87271154240,Kolkata,2023-11-20
266772.0,Devansh Hayer,sommohanlal@cheema.com,92007885920,Kolkata,2025-03-27
688927.0,Shayak Gandhi,suhanarajagopal@ramaswamy.com,86487360730,Kolkata,2024-08-22
678426.0,Nakul Dalal,rheabhargava@hotmail.com,80727519930,Delhi,2023-05-20
967425.0,Prerak Swamy,,88692130330,Hyderabad,2023-08-21
181718.0,Saksham Din,trisha93@gmail.com,71729123110,Kolkata,2025-03-28
918434.0,Lavanya Bhatnagar,,77723105240,Kolkata,2025-03-29
997966.0,Inaaya Chaudhuri,fthakkar@yahoo.com,87999734350,Mumbai,2024-05-28
632668.0,Zoya Hayre,aseshadri@hotmail.com,98104151590,Ahmedabad,2024-07-31
276162.0,Jivika Keer,,99352557190,Bangalore,2023-07-01
127033.0,Myra Keer,jayaramanamani@gmail.com,92588044750,Bangalore,2023-08-01
967683.0,Kabir Lata,,99418382090,Ahmedabad,2025-03-28
774456.0,Nehmat Suri,siyabehl@hotmail.com,89509390320,Bangalore,2024-07-15
990834.0,Mohanlal Bora,,94841713220,Kolkata,2023-12-12
274918.0,Jivika Wadhwa,csagar@maharaj-saini.info,92007456390,Pune,2023-09-05
642260.0,Lagan Karpe,,86363065920,Chennai,2025-04-02
528764.0,Elakshi Hari,,80385134060,Kolkata,2024-06-25
737800.0,Rhea Krishna,kanne@yahoo.com,95740836500,Kolkata,2024-02-14
792740.0,Rhea Deol,dhanush88@gmail.com,83832115900,Hyderabad,2025-03-17
318191.0,Mehul Golla,,93639152280,Bangalore,2024-02-19
559470.0,Divit Chawla,sethalisha@sundaram.com,89193866470,Ahmedabad,2025-03-18
842529.0,Gatik Kapur,divitjayaraman@yahoo.com,95783730860,Kolkata,2023-10-17
816878.0,Anay Mani,mram@yahoo.com,93227962020,Ahmedabad,2025-03-07
524691.0,Keya Singh,,86736794210,Chennai,2024-12-31
376957.0,Aarna Chacko,,87468186480,Kolkata,2023-06-02
122197.0,Yuvraj Srinivas,tarini75@hotmail.com,78250214920,Hyderabad,2024-01-07
715973.0,Rasha Sastry,avirk@hotmail.com,93932363580,Ahmedabad,2025-04-12
240789.0,Tara Bhakta,,99576494400,Ahmedabad,2023-05-14
507076.0,Saanvi Bahri,,98935800570,Pune,2025-04-02
279657.0,Dishani Rout,glala@hotmail.com,72522030540,Kolkata,2023-07-12
562382.0,Amani Dhingra,,96413551890,Ahmedabad,2023-04-23
692384.0,Alisha Subramaniam,tanyakulkarni@majumdar.com,90689501820,Kolkata,2025-03-26
156259.0,Hrishita Gopal,divijdora@hotmail.com,73443591340,Delhi,2024-08-28
493266.0,Manjari De,azad48@taneja.com,98351493280,Kolkata,2024-04-27
941318.0,Reyansh Som,rajuranbir@sawhney-lata.com,94202683080,Hyderabad,2025-03-26
191011.0,Samarth Subramanian,jivin90@gmail.com,83404129870,Delhi,2023-09-10
775342.0,Hiran Seshadri,xdugar@hotmail.com,75514439400,Hyderabad,2025-04-08
716788.0,Ira Bera,bajwakaira@bali.info,77890014940,Hyderabad,2025-03-31
524870.0,Zeeshan Hora,kanav75@yahoo.com,81075828600,Ahmedabad,2023-07-01
450778.0,Anaya Balay,kavyadatta@gmail.com,96466040950,Chennai,2025-03-16
344418.0,Pranay Iyengar,settysara@srivastava-handa.info,98511681240,Pune,2023-04-26
631413.0,Shayak Cheema,badalkari@yahoo.com,78541612490,Mumbai,2025-01-13
577652.0,Rhea Master,fdeshpande@gmail.com,99124306000,Bangalore,2023-09-01
141005.0,Neelofar Gandhi,,73503113700,Chennai,2023-05-02
603256.0,Indranil Dass,mamootychaudhari@ray.net,70174827440,Bangalore,2024-08-24
750120.0,Riya Ratta,indranilranganathan@gmail.com,87961443850,Bangalore,2025-04-08
206751.0,Nirvi Kulkarni,kotharieshani@yahoo.com,617465100,Kolkata,2025-02-05
381743.0,Mishti Apte,dsant@tella-singhal.com,89611925520,Kolkata,2025-03-09
973631.0,Miraya Gade,kdhingra@yahoo.com,79940386270,Chennai,2023-07-05
632152.0,Mishti Basu,gadefateh@gmail.com,74311422930,Kolkata,2023-12-24
614095.0,Arhaan Dasgupta,,93134683830,Chennai,2025-04-11
677547.0,Nakul Ganesh,shaanbatra@sule-luthra.com,72812200290,Bangalore,2023-04-26
776318.0,Dhanuk Sur,navya80@sastry-madan.net,92201028170,Bangalore,2023-08-05
513234.0,Armaan Kapur,chadumang@yahoo.com,76192504540,Pune,2025-03-21
378194.0,Kavya Kadakia,golanayantara@gmail.com,77629670300,Delhi,2025-03-21
289811.0,Ehsaan Sen,,86156272100,Mumbai,2023-05-08
340931.0,Hiran Venkataraman,manikyasabharwal@yahoo.com,86490821730,Bangalore,2023-05-08
667280.0,Ivan Sengupta,chadoorja@yahoo.com,98177702550,Mumbai,2024-10-17
482019.0,Seher Sem,batraumang@hotmail.com,92172680360,Pune,2025-03-25
267289.0,Umang Kaur,hdara@gmail.com,86811627590,Delhi,2025-03-27
417145.0,Oorja Gopal,hchadha@gmail.com,75222861970,Ahmedabad,2023-11-10
993574.0,Nirvaan Krishnan,sanahari@setty.com,71386484810,Hyderabad,2025-04-03
738434.0,Stuvan Srinivas,cbrar@yahoo.com,95705813940,Pune,2024-04-17
972000.0,Manikya Dar,senishita@hotmail.com,92575905940,Hyderabad,2025-04-01
250616.0,Nishith Ramachandran,gbarman@chacko.net,78223357480,Delhi,2024-06-13
579116.0,Lavanya Ram,isood@hotmail.com,93632495450,Pune,2025-01-16
172188.0,Yuvraj Ratta,,98890305460,Ahmedabad,2023-06-27
171818.0,Tushar Date,chaudrybadal@yahoo.com,85066408570,Kolkata,2024-08-04
601336.0,Anahita Sane,somaarna@wali.com,97680814120,Mumbai,2024-05-08
512346.0,Dhruv Kar,onkar22@hotmail.com,79244599200,Hyderabad,2024-07-11
693620.0,Hunar Wable,badal51@ranganathan.com,80161941360,Ahmedabad,2023-04-19
529897.0,Nehmat Balasubramanian,,97872474210,Chennai,2023-09-02
683155.0,Alia Sharaf,,98813024960,Delhi,2023-12-29
196722.0,Adah Yogi,psoman@yahoo.com,85915813580,Delhi,2025-03-27
378424.0,Riya Singh,hayreryan@hotmail.com,87581779500,Hyderabad,2024-01-27
605719.0,Adira Karan,mangalneelofar@hotmail.com,82151001180,Bangalore,2025-02-25
340804.0,Sana Madan,,99084060280,Bangalore,2025-04-14
954035.0,Jayesh Sabharwal,,83752233640,Delhi,2024-10-17
216258.0,Jivin Kothari,jhanvi37@cheema.com,78599785920,Chennai,2024-11-28
411105.0,Sumer Suresh,mchada@yahoo.com,97961330350,Pune,2023-05-11
247923.0,Rania Bhattacharyya,devansh39@hotmail.com,88935498280,Delhi,2025-04-04
476924.0,Yuvraj Karnik,advikgola@majumdar-borra.com,92622218600,Hyderabad,2024-10-17
951300.0,Fateh Balan,nirvidhar@gmail.com,85029085180,Bangalore,2024-01-28
198722.0,Nayantara Vasa,janidivit@hotmail.com,81376250970,Hyderabad,2025-03-24
245367.0,Priyansh Chawla,kapoorrati@rajan.com,75982728780,Ahmedabad,2023-04-28
790421.0,Shamik Sastry,suhanasaxena@yahoo.com,77708339830,Mumbai,2025-04-01
159463.0,Divij Viswanathan,jwarrior@yahoo.com,94605781670,Delhi,2023-11-02
962976.0,Aniruddh Chauhan,trisharana@saini-dalia.com,74337903310,Ahmedabad,2025-03-19
797875.0,Shlok Baria,uppalhiran@dhawan-kade.com,71293134190,Delhi,2023-09-13
243454.0,Vidur Chad,,95161788180,Chennai,2024-07-09
714984.0,Yuvaan Dugar,deyayesha@yahoo.com,76978213370,Hyderabad,2023-08-25
685865.0,Abram Krish,jayaramanyuvraj@rege.com,331692120,Hyderabad,2025-03-30
308145.0,Inaaya Som,laganbalan@hotmail.com,95815825810,Bangalore,2023-12-23
107397.0,Ojas Devan,stuvan83@gmail.com,95427934190,Bangalore,2025-04-08
134669.0,Vedika Dube,,74099972690,Chennai,2024-01-18
523995.0,Pihu Bhatnagar,,94838561640,Pune,2023-09-20
685395.0,Aarush Uppal,vaibhavanne@sha.com,76071325510,Ahmedabad,2025-03-31
833780.0,Taran Bora,,80906592520,Pune,2023-10-28
892031.0,Shray Gupta,indrans28@hotmail.com,82733916110,Hyderabad,2025-03-17
730952.0,Sahil Kothari,vardaniyasangha@mangal.com,95449997590,Bangalore,2025-04-07
614164.0,Zaina Mammen,alia56@gade-dass.com,89455331930,Kolkata,2024-08-19
848806.0,Divit Balay,aaryahi01@kothari.org,80758065160,Pune,2023-06-24
823959.0,Elakshi Kaur,btella@manda.com,84254485600,Pune,2024-08-17
212244.0,Farhan Dasgupta,,74077499120,Ahmedabad,2024-01-13
595936.0,Myra Wason,,80174795220,Chennai,2024-01-13
686726.0,Ishita Ramachandran,,73637185560,Kolkata,2025-03-18
464150.0,Raghav Lalla,hdhar@gmail.com,86592217980,Ahmedabad,2025-03-31
917914.0,Eva Singhal,,921183270,Pune,2023-04-29
459709.0,Lakshit Raman,aradhyashere@shukla-singhal.com,76885826890,Mumbai,2025-04-14
202270.0,Navya Sood,lallpurab@gmail.com,81042252910,Hyderabad,2023-04-26
819049.0,Arnav Venkatesh,sridhararadhya@hotmail.com,81370462270,Pune,2025-03-29
105394.0,Eshani Kota,bhavinbhargava@hotmail.com,81516194030,Bangalore,2023-05-05
353429.0,Indrajit Gole,oarya@hotmail.com,84555144570,Chennai,2023-12-30
337660.0,Bhavin Bakshi,ranbirwalia@yahoo.com,98241569150,Mumbai,2024-09-04
621919.0,Vardaniya Joshi,,96716177100,Hyderabad,2025-03-12
979322.0,Heer Deo,prishamandal@hotmail.com,97529561890,Delhi,2025-03-22
426626.0,Ritvik Raju,malhotrakismat@atwal.biz,88958270310,Bangalore,2024-06-10
387788.0,Tiya Suri,,88369043570,Pune,2023-12-17
335527.0,Indrans Jani,bhatpihu@hotmail.com,73770853880,Ahmedabad,2025-04-11
109407.0,Miraya Sura,mannatraj@yahoo.com,92544270860,Pune,2023-05-11
619706.0,Devansh Cherian,saniabram@gmail.com,86892393690,Delhi,2025-02-25
472103.0,Armaan Bhasin,,95803392570,Bangalore,2025-02-06
633702.0,Tejas Sanghvi,msolanki@gmail.com,93961729070,Kolkata,2025-04-14
457429.0,Tanya Gola,saanviramaswamy@yahoo.com,70065346010,Delhi,2024-08-22
,,,,,
,,,,,
,,,,,
,,,,,
,,,,,
,,,,,
,,,,,
,,,,,
,,,,,
,,,,,
,,,,,
,,,,,
,,,,,
,,,,,
,,,,,
,,,,,
,,,,,
,,,,,
,,,,,
,,,,,
,,,,,
,,,,,
,,,,,
,,,,,
,,,,,
,,,,,
,,,,,
,,,,,
,,,,,
,,,,,
,,,,,
,,,,,
,,,,,
,,,,,
,,,,,
,,,,,
,,,,,
,,,,,
,,,,,
,,,,,
,,,,,
,,,,,
,,,,,
,,,,,
,,,,,
,,,,,
,,,,,
,,,,,
,,,,,
,,,,,
,,,,,
,,,,,
,,,,,
,,,,,
,,,,,
,,,,,
,,,,,
,,,,,
,,,,,
,,,,,
,,,,,
,,,,,
,,,,,
,,,,,
,,,,,
,,,,,
,,,,,
,,,,,
,,,,,
,,,,,
,,,,,
,,,,,
,,,,,
,,,,,
,,,,,
,,,,,
,,,,,
,,,,,
,,,,,
,,,,,
,,,,,
,,,,,
,,,,,
,,,,,
,,,,,
,,,,,
,,,,,
,,,,,
,,,,,
,,,,,
,,,,,
,,,,,
,,,,,
,,,,,
,,,,,
,,,,,
,,,,,
,,,,,
,,,,,
,,,,,
,,,,,
,,,,,
,,,,,
,,,,,
,,,,,
,,,,,
,,,,,
,,,,,
,,,,,
,,,,,
,,,,,
,,,,,
,,,,,
,,,,,
,,,,,
,,,,,
,,,,,
,,,,,
,,,,,
,,,,,
,,,,,
,,,,,
,,,,,
,,,,,
,,,,,
,,,,,
,,,,,
,,,,,
,,,,,
,,,,,
,,,,,
,,,,,
,,,,,
,,,,,
,,,,,
,,,,,
,,,,,
,,,,,
,,,,,
,,,,,
,,,,,
,,,,,
,,,,,
,,,,,
,,,,,
,,,,,
,,,,,
,,,,,
,,,,,
,,,,,
,,,,,
,,,,,
,,,,,
,,,,,
,,,,,
,,,,,
,,,,,
,,,,,
,,,,,
,,,,,
,,,,,
,,,,,
,,,,,
,,,,,
,,,,,
,,,,,
,,,,,
,,,,,
,,,,,
,,,,,
,,,,,
,,,,,
,,,,,
,,,,,
,,,,,
,,,,,
,,,,,
,,,,,
,,,,,
,,,,,
,,,,,
,,,,,
,,,,,
,,,,,
,,,,,
,,,,,
,,,,,
,,,,,
,,,,,
,,,,,
,,,,,
,,,,,
,,,,,
,,,,,
,,,,,
,,,,,
,,,,,
,,,,,
,,,,,
,,,,,
,,,,,
,,,,,
,,,,,
,,,,,
,,,,,
,,,,,
,,,,,
,,,,,
,,,,,
,,,,,
,,,,,
,,,,,
,,,,,
,,,,,
,,,,,
,,,,,
,,,,,
,,,,,
,,,,,
,,,,,
,,,,,
,,,,,
,,,,,
,,,,,
,,,,,
,,,,,
,,,,,
,,,,,
,,,,,
,,,,,
,,,,,
,,,,,
,,,,,
,,,,,
,,,,,
,,,,,
,,,,,
,,,,,
,,,,,
,,,,,
,,,,,
,,,,,
,,,,,
,,,,,
,,,,,
,,,,,
,,,,,
,,,,,
,,,,,
,,,,,
,,,,,
,,,,,
,,,,,
,,,,,
,,,,,
,,,,,
,,,,,
,,,,,
,,,,,
,,,,,
,,,,,
,,,,,
,,,,,
,,,,,
,,,,,
,,,,,
,,,,,
,,,,,
,,,,,
,,,,,
,,,,,
,,,,,
,,,,,
,,,,,
,,,,,
,,,,,
,,,,,
,,,,,
,,,,,
,,,,,
,,,,,
,,,,,
,,,,,
,,,,,
,,,,,
,,,,,
,,,,,
,,,,,
,,,,,
,,,,,
,,,,,
,,,,,
,,,,,
,,,,,
,,,,,
,,,,,
,,,,,
,,,,,
,,,,,
,,,,,
,,,,,
,,,,,
,,,,,
,,,,,
,,,,,
,,,,,
,,,,,
,,,,,
,,,,,
,,,,,
,,,,,
,,,,,
,,,,,
,,,,,
,,,,,
,,,,,
,,,,,
,,,,,
,,,,,
,,,,,
,,,,,
,,,,,
,,,,,
,,,,,
,,,,,
,,,,,
,,,,,
,,,,,
,,,,,
,,,,,
,,,,,
,,,,,
,,,,,
,,,,,
,,,,,
,,,,,
,,,,,
,,,,,
,,,,,
,,,,,
,,,,,
,,,,,
,,,,,
,,,,,
,,,,,
,,,,,
,,,,,
,,,,,
,,,,,
,,,,,
,,,,,
,,,,,
,,,,,
,,,,,
,,,,,
,,,,,
,,,,,
,,,,,
,,,,,
,,,,,
,,,,,
,,,,,
,,,,,
,,,,,
,,,,,
,,,,,
,,,,,
,,,,,
,,,,,
,,,,,
,,,,,
,,,,,
,,,,,
,,,,,
,,,,,
,,,,,
,,,,,
,,,,,
,,,,,
,,,,,
,,,,,
,,,,,
,,,,,
,,,,,
,,,,,
,,,,,
,,,,,
,,,,,
,,,,,
,,,,,
,,,,,
,,,,,
,,,,,
,,,,,
,,,,,
,,,,,
,,,,,
,,,,,
,,,,,
,,,,,
,,,,,
,,,,,
,,,,,
,,,,,
,,,,,
,,,,,
,,,,,
,,,,,
,,,,,
,,,,,
,,,,,
,,,,,
,,,,,
,,,,,
,,,,,
,,,,,
,,,,,
,,,,,
,,,,,
,,,,,
,,,,,
,,,,,
,,,,,
,,,,,
,,,,,
,,,,,
,,,,,
,,,,,
,,,,,
,,,,,
,,,,,
,,,,,
,,,,,
,,,,,
,,,,,
,,,,,
,,,,,
,,,,,
,,,,,
,,,,,
,,,,,
,,,,,
,,,,,
,,,,,
,,,,,
,,,,,
,,,,,
,,,,,
,,,,,
,,,,,
,,,,,
,,,,,
,,,,,
,,,,,
,,,,,
,,,,,
,,,,,
,,,,,
,,,,,
,,,,,
,,,,,
,,,,,
,,,,,
,,,,,
,,,,,
,,,,,
,,,,,
,,,,,
,,,,,
,,,,,
,,,,,
,,,,,
,,,,,
,,,,,
,,,,,
,,,,,
,,,,,
,,,,,
,,,,,
,,,,,
,,,,,
,,,,,
,,,,,
,,,,,
,,,,,
,,,,,
,,,,,
,,,,,
,,,,,
,,,,,
,,,,,
,,,,,
,,,,,
,,,,,
,,,,,
,,,,,
,,,,,
,,,,,
,,,,,
,,,,,
,,,,,
,,,,,
,,,,,
,,,,,
,,,,,
,,,,,
,,,,,
,,,,,
,,,,,
,,,,,
,,,,,
,,,,,
,,,,,
,,,,,
,,,,,
,,,,,
,,,,,
,,,,,
,,,,,
,,,,,
,,,,,
,,,,,
,,,,,
,,,,,
,,,,,
,,,,,
,,,,,
,,,,,
,,,,,
,,,,,
,,,,,
,,,,,
,,,,,
,,,,,
,,,,,
,,,,,
,,,,,
,,,,,
,,,,,
,,,,,
,,,,,
,,,,,
,,,,,
,,,,,
,,,,,
,,,,,
,,,,,
,,,,,
,,,,,
,,,,,
,,,,,
,,,,,
,,,,,
,,,,,
,,,,,
,,,,,
,,,,,
,,,,,
,,,,,
,,,,,
,,,,,
,,,,,
,,,,,
,,,,,
,,,,,
,,,,,
,,,,,
,,,,,
,,,,,
,,,,,
,,,,,
,,,,,
,,,,,
,,,,,
,,,,,
,,,,,
,,,,,
,,,,,
,,,,,
,,,,,
,,,,,
,,,,,
,,,,,
,,,,,
,,,,,
,,,,,
,,,,,
,,,,,
,,,,,
,,,,,
,,,,,
,,,,,
,,,,,
,,,,,
,,,,,
,,,,,
,,,,,
,,,,,
,,,,,
,,,,,
,,,,,
,,,,,
,,,,,
,,,,,
,,,,,
,,,,,
,,,,,
,,,,,
,,,,,
,,,,,
,,,,,
,,,,,
,,,,,
,,,,,
,,,,,
,,,,,
,,,,,
,,,,,
,,,,,
,,,,,
,,,,,
,,,,,
,,,,,
,,,,,
,,,,,
,,,,,
,,,,,
,,,,,
,,,,,
,,,,,
,,,,,
,,,,,
,,,,,
,,,,,
,,,,,
,,,,,
,,,,,
,,,,,
,,,,,
,,,,,
,,,,,
,,,,,
,,,,,
,,,,,
,,,,,
,,,,,
,,,,,
,,,,,
,,,,,
,,,,,
,,,,,
,,,,,
,,,,,
,,,,,
,,,,,
,,,,,
,,,,,
,,,,,
,,,,,
,,,,,
,,,,,
,,,,,
,,,,,
,,,,,
,,,,,
,,,,,
,,,,,
,,,,,
,,,,,
,,,,,
,,,,,
,,,,,
,,,,,
,,,,,
,,,,,
,,,,,
,,,,,
,,,,,
,,,,,
,,,,,
,,,,,
,,,,,
,,,,,
,,,,,
,,,,,
,,,,,
,,,,,
,,,,,
,,,,,
,,,,,
,,,,,
,,,,,
,,,,,
,,,,,
,,,,,
,,,,,
,,,,,
,,,,,
,,,,,
